Timestamp,Respondent_ID,City,Number_of_Occupants,Has_Air_Conditioner,AC_Number_of_Rooms,AC_Daily_Usage_Hours,AC_Temperature_Setting_Celsius,Has_Refrigerator,Refrigerator_Size,Has_Water_Heater,Water_Heater_Type,Water_Heater_Daily_Usage_Hours,Number_of_Ceiling_Fans,Fan_Daily_Usage_Hours,Number_of_Televisions,TV_Type,TV_Daily_Usage_Hours,Has_Washing_Machine,Washing_Machine_Type,Washing_Machine_Loads_Per_Week,Number_of_LED_Bulbs,Number_of_Old_Fluorescent_Bulbs,Number_of_Tube_Lights,Lighting_Daily_Usage_Hours,Has_Computer_or_Laptop,Computer_Type,Computer_Daily_Usage_Hours,Has_Rice_Cooker,Rice_Cooker_Uses_Per_Day,Has_Microwave,Microwave_Daily_Usage_Hours,Has_Electric_Iron,Iron_Usage_Hours_Per_Week,Primary_Peak_Usage_Time,Has_Solar_Panels,Solar_Panel_Capacity_kW,Last_Month_CEB_Units_Consumed,Estimated_Monthly_CEB_Bill_LKR,Estimated_Daily_kWh,Daily_CO2_Emissions_kg,Monthly_CO2_Emissions_kg,Emission_Level
2025/03/01 02:16:00 PM,SL0133,Colombo,3,Yes,2,2.9,22,Yes,Medium (200-350L),Yes,Solar-assisted (1kW),1.3,3,13.6,1,LED/LCD,4.1,No,None,0.0,10,3,2,4.2,No,None,0.0,Yes,2,No,0.0,Yes,0.8,Spread throughout day,No,0.0,439.4,4243.8,14.84,7.717,231.51,High
2025/03/01 06:52:00 PM,SL0170,Kandy,3,Yes,1,7.3,26,Yes,Medium (200-350L),No,None,0.0,5,7.7,3,OLED,2.0,Yes,Top-load,5.1,5,2,1,7.4,Yes,Desktop,7.5,Yes,2,No,0.0,Yes,1.5,Spread throughout day,No,0.0,490.1,4852.2,16.284,8.467,254.01,High
2025/03/01 09:04:00 AM,SL0188,Kandy,5,Yes,2,4.0,22,Yes,Medium (200-350L),No,None,0.0,4,12.4,3,LED/LCD,5.9,No,None,0.0,10,3,0,8.6,Yes,Laptop,3.4,Yes,1,Yes,0.2,Yes,1.8,Spread throughout day,No,0.0,544.9,5509.8,18.181,9.454,283.62,High
2025/03/02 04:12:00 PM,SL0009,Kandy,2,No,0,0.0,0,Yes,Medium (200-350L),No,None,0.0,1,6.0,3,LED/LCD,6.1,No,None,0.0,10,3,0,7.9,Yes,Desktop,7.4,No,0,No,0.0,Yes,1.7,Mostly evening (6PM-10PM),No,0.0,236.0,1803.0,7.613,3.959,118.77,Low
2025/03/02 09:13:00 AM,SL0007,Colombo,2,No,0,0.0,0,Yes,Small (under 200L),Yes,Storage (2kW),1.2,2,8.4,2,LED/LCD,7.0,Yes,Top-load,8.7,11,1,3,6.9,Yes,Laptop,2.3,Yes,1,No,0.0,Yes,1.4,Mostly evening (6PM-10PM),No,0.0,278.8,2316.6,9.163,4.765,142.95,Medium
2025/03/02 09:59:00 AM,SL0081,Galle,3,Yes,1,5.6,20,Yes,Small (under 200L),Yes,Storage (2kW),1.3,2,10.9,3,Old CRT,3.6,No,None,0.0,7,4,0,8.0,No,None,0.0,Yes,2,No,0.0,No,0.0,Mostly evening (6PM-10PM),Yes,2.0,241.0,1863.0,7.974,4.147,124.41,Low
2025/03/03 05:05:00 PM,SL0151,Galle,5,No,0,0.0,0,Yes,Medium (200-350L),No,None,0.0,1,8.2,3,LED/LCD,3.0,Yes,Top-load,6.3,7,0,2,4.3,Yes,Laptop,3.2,Yes,2,No,0.0,No,0.0,Mostly morning (5AM-9AM),No,0.0,166.2,993.0,5.552,2.887,86.61,Low
2025/03/03 07:29:00 PM,SL0021,Kandy,6,No,0,0.0,0,Yes,Medium (200-350L),Yes,Storage (2kW),0.7,2,13.7,2,LED/LCD,5.1,No,None,0.0,7,2,1,6.7,No,None,0.0,Yes,1,No,0.0,Yes,0.7,Spread throughout day,No,0.0,257.5,2061.0,8.594,4.469,134.07,Medium
2025/03/03 09:21:00 PM,SL0104,Colombo,3,Yes,2,3.7,27,Yes,Medium (200-350L),Yes,Storage (2kW),1.0,3,7.0,1,OLED,2.4,No,None,0.0,11,1,1,5.5,Yes,Laptop,5.1,Yes,1,No,0.0,Yes,1.6,Mostly evening (6PM-10PM),No,0.0,471.6,4630.2,15.694,8.161,244.83,High
2025/03/03 09:23:00 PM,SL0191,Colombo,5,No,0,0.0,0,No,None,Yes,Storage (2kW),1.0,1,8.9,2,Old CRT,3.9,Yes,Top-load,2.1,8,4,0,6.0,Yes,Desktop,2.2,Yes,2,Yes,0.6,Yes,1.6,Mostly evening (6PM-10PM),No,0.0,210.3,1494.6,6.849,3.562,106.86,Low
2025/03/03 10:22:00 PM,SL0196,Colombo,4,No,0,0.0,0,Yes,Small (under 200L),No,None,0.0,2,11.4,2,LED/LCD,6.2,Yes,Front-load,8.4,5,2,1,7.6,Yes,Laptop,6.1,Yes,1,Yes,0.3,Yes,1.8,Mostly evening (6PM-10PM),No,0.0,220.8,1620.6,7.279,3.785,113.55,Low
2025/03/04 02:46:00 PM,SL0117,Galle,5,No,0,0.0,0,Yes,Medium (200-350L),Yes,Instant (3kW),0.8,1,8.1,1,LED/LCD,5.5,Yes,Top-load,6.5,9,1,3,7.0,Yes,Laptop,2.7,Yes,1,No,0.0,Yes,1.6,Spread throughout day,No,0.0,256.5,2049.0,8.727,4.538,136.14,Medium
2025/03/04 04:05:00 PM,SL0145,Colombo,6,Yes,2,6.6,22,Yes,Small (under 200L),Yes,Instant (3kW),1.4,4,8.3,3,OLED,5.3,No,None,0.0,8,1,0,6.1,No,None,0.0,Yes,1,Yes,0.8,Yes,0.7,Mostly morning (5AM-9AM),No,0.0,600.0,6171.0,24.698,12.843,385.29,High
2025/03/04 06:34:00 PM,SL0126,Colombo,4,Yes,2,4.6,26,Yes,Medium (200-350L),No,None,0.0,3,8.8,1,LED/LCD,4.2,Yes,Top-load,9.0,8,2,2,7.1,Yes,Laptop,7.7,Yes,2,No,0.0,No,0.0,Mostly night (10PM-1AM),No,0.0,512.2,5117.4,17.079,8.881,266.43,High
2025/03/04 07:20:00 PM,SL0141,Galle,2,Yes,1,3.9,22,Yes,Medium (200-350L),No,None,0.0,1,11.2,3,LED/LCD,5.4,No,None,0.0,3,1,2,4.4,Yes,Laptop,5.0,Yes,1,No,0.0,Yes,2.0,Spread throughout day,No,0.0,294.4,2503.8,9.906,5.151,154.53,Medium
2025/03/04 08:37:00 AM,SL0142,Colombo,3,Yes,2,6.9,20,Yes,Medium (200-350L),No,None,0.0,5,6.0,2,LED/LCD,5.0,No,None,0.0,11,0,1,5.3,Yes,Laptop,2.8,Yes,2,No,0.0,Yes,1.9,Mostly evening (6PM-10PM),No,0.0,600.0,6171.0,20.8,10.816,324.48,High
2025/03/04 10:24:00 AM,SL0132,Colombo,6,No,0,0.0,0,Yes,Medium (200-350L),Yes,Storage (2kW),1.2,2,12.4,3,LED/LCD,5.8,No,None,0.0,12,3,2,8.2,Yes,Desktop,5.3,Yes,1,Yes,0.5,No,0.0,Spread throughout day,No,0.0,358.0,3267.0,12.255,6.373,191.19,Medium
2025/03/04 11:56:00 AM,SL0084,Colombo,3,No,0,0.0,0,Yes,Medium (200-350L),Yes,Storage (2kW),0.9,4,11.7,1,OLED,2.2,No,None,0.0,11,0,3,8.3,Yes,Both,7.7,No,0,No,0.0,Yes,1.8,Mostly evening (6PM-10PM),No,0.0,309.4,2683.8,10.24,5.325,159.75,Medium
2025/03/05 04:13:00 PM,SL0162,Kandy,5,No,0,0.0,0,Yes,Medium (200-350L),Yes,Instant (3kW),1.2,1,11.5,3,LED/LCD,3.7,No,None,0.0,9,1,1,4.7,Yes,Laptop,4.6,Yes,2,No,0.0,Yes,1.9,Mostly evening (6PM-10PM),No,0.0,294.4,2503.8,9.601,4.992,149.76,Medium
2025/03/05 04:15:00 PM,SL0105,Galle,2,No,0,0.0,0,Yes,Small (under 200L),No,None,0.0,1,5.3,1,LED/LCD,5.4,No,None,0.0,8,4,3,5.1,No,None,0.0,Yes,2,No,0.0,No,0.0,Mostly night (10PM-1AM),No,0.0,158.1,912.0,5.261,2.736,82.08,Low
2025/03/05 08:29:00 AM,SL0160,Kandy,5,No,0,0.0,0,Yes,Medium (200-350L),No,None,0.0,3,10.5,1,LED/LCD,2.1,Yes,Front-load,8.8,12,0,0,8.6,No,None,0.0,Yes,1,No,0.0,No,0.0,Mostly morning (5AM-9AM),No,0.0,198.1,1348.2,6.639,3.452,103.56,Low
2025/03/05 08:34:00 PM,SL0087,Kandy,5,No,0,0.0,0,Yes,Medium (200-350L),No,None,0.0,3,5.6,1,OLED,2.3,Yes,Front-load,6.9,6,4,1,7.1,Yes,Laptop,2.8,Yes,1,Yes,0.3,No,0.0,Spread throughout day,No,0.0,225.8,1680.6,7.435,3.866,115.98,Low
2025/03/05 10:15:00 PM,SL0165,Colombo,6,Yes,2,3.0,20,Yes,Small (under 200L),No,None,0.0,3,5.6,3,LED/LCD,4.1,Yes,Front-load,8.4,11,0,3,6.6,No,None,0.0,Yes,2,No,0.0,No,0.0,Spread throughout day,No,0.0,365.0,3351.0,12.114,6.299,188.97,Medium
2025/03/05 11:58:00 AM,SL0046,Kandy,5,Yes,2,6.8,23,Yes,Small (under 200L),No,None,0.0,4,5.7,1,LED/LCD,6.0,No,None,0.0,12,0,3,7.8,Yes,Laptop,7.5,No,0,No,0.0,Yes,1.3,Mostly morning (5AM-9AM),No,0.0,585.6,5998.2,19.524,10.152,304.56,High
2025/03/06 02:06:00 PM,SL0018,Colombo,2,Yes,1,4.0,23,No,None,Yes,Solar-assisted (1kW),0.8,1,11.8,2,LED/LCD,5.3,Yes,Top-load,5.0,3,3,3,5.4,No,None,0.0,Yes,1,Yes,0.5,Yes,1.9,Mostly evening (6PM-10PM),No,0.0,275.8,2280.6,9.182,4.775,143.25,Medium
2025/03/07 06:47:00 PM,SL0004,Kandy,5,No,0,0.0,0,Yes,Small (under 200L),Yes,Storage (2kW),1.2,2,9.1,3,LED/LCD,3.1,No,None,0.0,6,0,1,6.9,Yes,Laptop,6.3,Yes,1,Yes,0.3,No,0.0,Mostly evening (6PM-10PM),No,0.0,226.3,1686.6,7.567,3.935,118.05,Low
2025/03/07 09:42:00 AM,SL0112,Colombo,6,Yes,2,4.4,20,Yes,Medium (200-350L),Yes,Instant (3kW),1.3,4,13.4,1,LED/LCD,5.6,Yes,Top-load,5.1,11,3,2,7.4,No,None,0.0,Yes,1,No,0.0,No,0.0,Mostly night (10PM-1AM),No,0.0,600.0,6171.0,22.213,11.551,346.53,High
2025/03/07 11:12:00 AM,SL0119,Galle,5,Yes,1,7.6,26,Yes,Medium (200-350L),No,None,0.0,1,12.9,3,OLED,2.5,No,None,0.0,6,4,0,6.9,Yes,Laptop,7.3,Yes,1,Yes,0.7,Yes,1.1,Mostly night (10PM-1AM),No,0.0,459.4,4483.8,15.235,7.922,237.66,High
2025/03/08 10:36:00 PM,SL0149,Colombo,6,No,0,0.0,0,Yes,Large (over 350L),No,None,0.0,4,5.6,1,Old CRT,4.0,Yes,Top-load,2.1,4,0,2,7.3,Yes,Laptop,4.5,Yes,1,No,0.0,Yes,0.6,Mostly night (10PM-1AM),Yes,3.7,18.4,46.0,0.348,0.181,5.43,Low
2025/03/08 10:40:00 AM,SL0059,Colombo,2,No,0,0.0,0,Yes,Medium (200-350L),No,None,0.0,1,13.2,1,OLED,6.4,Yes,Top-load,4.3,9,2,2,5.3,No,None,0.0,No,0,No,0.0,No,0.0,Mostly morning (5AM-9AM),No,0.0,179.6,1127.0,6.034,3.138,94.14,Low
2025/03/09 02:11:00 PM,SL0121,Galle,5,No,0,0.0,0,Yes,Medium (200-350L),Yes,Instant (3kW),0.6,1,11.3,3,Old CRT,5.2,Yes,Top-load,7.6,4,2,0,5.4,Yes,Laptop,7.8,Yes,1,No,0.0,No,0.0,Mostly morning (5AM-9AM),No,0.0,275.1,2272.2,9.052,4.707,141.21,Medium
2025/03/09 06:41:00 PM,SL0157,Kandy,5,Yes,2,2.4,20,Yes,Medium (200-350L),No,None,0.0,3,5.1,2,LED/LCD,4.6,No,None,0.0,6,0,3,4.4,No,None,0.0,Yes,2,Yes,0.2,Yes,0.9,Mostly evening (6PM-10PM),No,0.0,321.1,2824.2,10.725,5.577,167.31,Medium
2025/03/09 11:47:00 AM,SL0052,Kandy,2,No,0,0.0,0,No,None,No,None,0.0,4,12.7,1,LED/LCD,3.1,Yes,Top-load,2.6,11,1,2,7.4,Yes,Laptop,7.7,Yes,1,Yes,0.7,Yes,1.5,Mostly evening (6PM-10PM),No,0.0,195.0,1311.0,6.62,3.442,103.26,Low
2025/03/09 12:07:00 PM,SL0173,Colombo,3,No,0,0.0,0,Yes,Medium (200-350L),No,None,0.0,3,5.4,1,Old CRT,4.6,No,None,0.0,3,4,1,4.0,No,None,0.0,No,0,No,0.0,Yes,1.3,Mostly morning (5AM-9AM),No,0.0,161.1,942.0,5.719,2.974,89.22,Low
2025/03/11 01:22:00 PM,SL0033,Colombo,3,Yes,1,3.2,24,Yes,Large (over 350L),Yes,Instant (3kW),0.9,4,9.2,2,LED/LCD,6.8,No,None,0.0,7,3,3,8.4,No,None,0.0,Yes,1,No,0.0,No,0.0,Mostly evening (6PM-10PM),No,0.0,498.1,4948.2,16.48,8.57,257.1,High
2025/03/11 08:43:00 PM,SL0060,Colombo,5,No,0,0.0,0,Yes,Large (over 350L),No,None,0.0,2,11.0,1,Old CRT,4.5,No,None,0.0,3,4,2,8.4,Yes,Laptop,6.9,No,0,No,0.0,No,0.0,Mostly night (10PM-1AM),No,0.0,268.8,2196.6,9.22,4.795,143.85,Medium
2025/03/11 12:33:00 PM,SL0090,Colombo,5,No,0,0.0,0,No,None,No,None,0.0,3,9.3,3,LED/LCD,3.2,Yes,Front-load,3.4,11,4,0,5.7,Yes,Laptop,6.1,No,0,No,0.0,Yes,1.5,Mostly evening (6PM-10PM),No,0.0,142.5,756.0,4.868,2.532,75.96,Low
2025/03/13 04:28:00 PM,SL0120,Colombo,4,Yes,2,5.3,26,Yes,Medium (200-350L),Yes,Storage (2kW),0.7,4,9.4,3,Old CRT,5.9,Yes,Front-load,6.3,12,4,2,6.1,Yes,Laptop,2.3,Yes,2,Yes,0.5,Yes,1.4,Mostly morning (5AM-9AM),No,0.0,600.0,6171.0,23.254,12.092,362.76,High
2025/03/13 07:19:00 PM,SL0094,Kandy,5,No,0,0.0,0,Yes,Small (under 200L),No,None,0.0,4,13.7,3,LED/LCD,3.8,No,None,0.0,7,0,1,8.7,Yes,Laptop,2.3,No,0,No,0.0,Yes,0.9,Mostly morning (5AM-9AM),No,0.0,218.7,1595.4,7.24,3.765,112.95,Low
2025/03/14 04:08:00 PM,SL0107,Colombo,3,No,0,0.0,0,Yes,Small (under 200L),Yes,Storage (2kW),0.9,5,8.0,2,LED/LCD,3.9,No,None,0.0,12,2,2,5.3,Yes,Laptop,7.0,Yes,2,No,0.0,Yes,0.8,Spread throughout day,No,0.0,267.1,2176.2,9.016,4.688,140.64,Medium
2025/03/14 06:15:00 PM,SL0197,Kandy,6,No,0,0.0,0,Yes,Medium (200-350L),No,None,0.0,3,11.2,2,LED/LCD,2.1,Yes,Front-load,8.2,8,0,3,5.8,No,None,0.0,Yes,2,No,0.0,Yes,1.8,Mostly evening (6PM-10PM),No,0.0,229.1,1720.2,7.537,3.919,117.57,Low
2025/03/14 06:17:00 PM,SL0034,Galle,6,Yes,1,2.2,27,Yes,Medium (200-350L),Yes,Storage (2kW),1.0,4,7.7,3,LED/LCD,4.6,No,None,0.0,8,2,3,4.4,No,None,0.0,Yes,2,No,0.0,Yes,0.8,Spread throughout day,No,0.0,349.2,3161.4,11.729,6.099,182.97,Medium
2025/03/14 10:34:00 PM,SL0092,Kandy,5,No,0,0.0,0,Yes,Large (over 350L),Yes,Solar-assisted (1kW),1.1,3,6.3,3,LED/LCD,3.6,No,None,0.0,8,1,1,8.3,Yes,Laptop,7.2,Yes,1,No,0.0,Yes,2.0,Spread throughout day,No,0.0,286.8,2412.6,9.696,5.042,151.26,Medium
2025/03/15 04:38:00 PM,SL0008,Galle,4,Yes,2,5.7,27,Yes,Medium (200-350L),No,None,0.0,1,13.8,2,OLED,5.4,Yes,Top-load,8.4,10,2,3,4.1,Yes,Laptop,3.4,Yes,2,Yes,0.8,Yes,1.4,Spread throughout day,No,0.0,578.9,5917.8,19.398,10.087,302.61,High
2025/03/15 08:04:00 AM,SL0101,Colombo,3,No,0,0.0,0,No,None,No,None,0.0,3,9.6,2,LED/LCD,6.5,Yes,Front-load,2.2,10,3,0,4.2,Yes,Laptop,5.3,No,0,Yes,0.8,Yes,1.1,Mostly evening (6PM-10PM),No,0.0,152.5,856.0,5.023,2.612,78.36,Low
2025/03/15 09:06:00 PM,SL0030,Colombo,4,Yes,2,4.8,23,Yes,Medium (200-350L),No,None,0.0,2,5.9,3,LED/LCD,6.0,No,None,0.0,8,3,3,4.5,Yes,Both,4.4,Yes,2,Yes,0.8,Yes,1.3,Mostly evening (6PM-10PM),No,0.0,532.8,5364.6,17.891,9.303,279.09,High
2025/03/15 09:57:00 AM,SL0103,Colombo,3,No,0,0.0,0,Yes,Small (under 200L),Yes,Instant (3kW),0.9,4,5.1,3,OLED,6.8,Yes,Top-load,9.1,10,2,3,9.0,Yes,Laptop,6.3,No,0,No,0.0,Yes,1.0,Spread throughout day,No,0.0,342.0,3075.0,11.483,5.971,179.13,Medium
2025/03/15 10:47:00 AM,SL0003,Kandy,2,No,0,0.0,0,Yes,Medium (200-350L),Yes,Instant (3kW),0.5,1,9.0,1,LED/LCD,3.4,No,None,0.0,7,2,3,4.2,Yes,Laptop,8.0,No,0,No,0.0,No,0.0,Mostly evening (6PM-10PM),No,0.0,202.3,1398.6,6.851,3.563,106.89,Low
2025/03/16 05:38:00 PM,SL0150,Colombo,4,No,0,0.0,0,Yes,Small (under 200L),No,None,0.0,2,5.7,2,Old CRT,5.6,Yes,Top-load,7.8,4,4,1,8.8,Yes,Desktop,6.7,No,0,Yes,0.8,No,0.0,Mostly evening (6PM-10PM),No,0.0,264.5,2145.0,8.665,4.506,135.18,Medium
2025/03/16 08:30:00 PM,SL0110,Colombo,6,Yes,1,7.9,21,Yes,Large (over 350L),No,None,0.0,2,9.6,2,LED/LCD,2.0,No,None,0.0,7,1,1,4.6,Yes,Laptop,2.6,Yes,1,No,0.0,Yes,0.9,Mostly night (10PM-1AM),No,0.0,438.4,4231.8,14.781,7.686,230.58,High
2025/03/16 10:26:00 AM,SL0129,Colombo,5,No,0,0.0,0,Yes,Large (over 350L),Yes,Storage (2kW),0.6,5,11.4,1,LED/LCD,3.8,Yes,Top-load,2.9,3,3,3,4.3,Yes,Desktop,4.4,No,0,Yes,0.5,Yes,1.9,Mostly morning (5AM-9AM),No,0.0,347.2,3137.4,11.981,6.23,186.9,Medium
2025/03/16 11:04:00 AM,SL0098,Colombo,3,Yes,1,3.4,20,No,None,No,None,0.0,3,10.5,3,Old CRT,5.9,Yes,Top-load,6.1,4,4,1,7.9,Yes,Both,4.3,Yes,1,Yes,0.5,No,0.0,Mostly morning (5AM-9AM),No,0.0,331.1,2944.2,11.188,5.818,174.54,Medium
2025/03/16 12:25:00 PM,SL0156,Colombo,6,No,0,0.0,0,Yes,Large (over 350L),No,None,0.0,1,10.3,3,LED/LCD,2.6,Yes,Top-load,4.7,5,4,3,4.3,Yes,Laptop,3.5,Yes,2,No,0.0,No,0.0,Mostly night (10PM-1AM),No,0.0,243.2,1889.4,7.962,4.14,124.2,Low
2025/03/17 04:31:00 PM,SL0179,Galle,2,Yes,1,3.4,22,Yes,Small (under 200L),No,None,0.0,3,12.6,3,OLED,6.9,No,None,0.0,10,0,1,4.1,Yes,Laptop,2.7,Yes,1,No,0.0,Yes,1.4,Mostly evening (6PM-10PM),No,0.0,317.3,2778.6,10.573,5.498,164.94,Medium
2025/03/17 10:58:00 PM,SL0180,Colombo,6,No,0,0.0,0,Yes,Small (under 200L),No,None,0.0,4,11.2,2,LED/LCD,2.6,No,None,0.0,12,1,2,7.6,Yes,Laptop,5.1,No,0,Yes,0.3,Yes,1.8,Spread throughout day,No,0.0,230.7,1739.4,7.612,3.958,118.74,Low
2025/03/18 03:15:00 PM,SL0122,Galle,6,No,0,0.0,0,Yes,Medium (200-350L),No,None,0.0,4,13.9,1,LED/LCD,2.2,No,None,0.0,3,4,3,7.8,Yes,Laptop,6.1,Yes,1,No,0.0,No,0.0,Mostly evening (6PM-10PM),No,0.0,294.5,2505.0,9.919,5.158,154.74,Medium
2025/03/18 06:31:00 PM,SL0106,Colombo,5,Yes,1,7.4,21,Yes,Large (over 350L),No,None,0.0,5,6.0,3,LED/LCD,4.5,No,None,0.0,5,3,3,7.8,Yes,Both,4.8,Yes,1,No,0.0,Yes,1.9,Mostly evening (6PM-10PM),No,0.0,533.2,5369.4,17.881,9.298,278.94,High
2025/03/18 08:00:00 AM,SL0183,Galle,3,No,0,0.0,0,Yes,Small (under 200L),No,None,0.0,5,7.5,1,LED/LCD,6.0,Yes,Top-load,4.8,3,1,1,6.8,Yes,Laptop,5.7,Yes,1,No,0.0,Yes,1.4,Spread throughout day,No,0.0,185.1,1192.2,6.354,3.304,99.12,Low
2025/03/18 10:13:00 AM,SL0016,Colombo,2,Yes,2,7.9,23,Yes,Medium (200-350L),No,None,0.0,3,7.6,1,Old CRT,5.8,No,None,0.0,12,2,2,5.4,Yes,Laptop,3.4,Yes,2,No,0.0,Yes,1.5,Mostly evening (6PM-10PM),No,0.0,600.0,6171.0,23.12,12.023,360.69,High
2025/03/19 02:10:00 PM,SL0069,Colombo,4,No,0,0.0,0,Yes,Small (under 200L),No,None,0.0,5,10.4,1,Old CRT,6.0,No,None,0.0,5,3,1,8.1,No,None,0.0,Yes,2,No,0.0,Yes,1.5,Spread throughout day,No,0.0,261.2,2105.4,8.619,4.482,134.46,Medium
2025/03/19 05:13:00 PM,SL0176,Colombo,3,Yes,2,3.8,28,Yes,Medium (200-350L),No,None,0.0,4,8.1,1,LED/LCD,5.9,Yes,Front-load,5.0,10,4,2,7.3,Yes,Laptop,6.3,No,0,Yes,0.6,Yes,1.7,Spread throughout day,No,0.0,502.1,4996.2,17.022,8.851,265.53,High
2025/03/19 09:40:00 PM,SL0024,Colombo,2,Yes,1,2.9,27,Yes,Medium (200-350L),Yes,Storage (2kW),0.8,5,12.5,1,LED/LCD,2.4,Yes,Front-load,9.2,6,4,0,8.2,Yes,Laptop,7.6,Yes,2,No,0.0,No,0.0,Mostly evening (6PM-10PM),No,0.0,441.6,4270.2,14.814,7.703,231.09,High
2025/03/19 09:54:00 AM,SL0029,Kandy,6,No,0,0.0,0,Yes,Small (under 200L),No,None,0.0,2,9.9,3,LED/LCD,2.6,No,None,0.0,9,3,3,8.7,Yes,Laptop,7.8,Yes,2,No,0.0,No,0.0,Mostly evening (6PM-10PM),No,0.0,223.2,1649.4,7.573,3.938,118.14,Low
2025/03/19 11:03:00 AM,SL0139,Colombo,3,Yes,1,2.4,24,Yes,Medium (200-350L),No,None,0.0,4,5.5,1,LED/LCD,6.4,Yes,Front-load,6.1,9,4,3,6.3,Yes,Desktop,7.3,Yes,2,Yes,0.4,Yes,1.7,Spread throughout day,No,0.0,350.2,3173.4,12.021,6.251,187.53,Medium
2025/03/20 01:57:00 PM,SL0194,Kandy,6,Yes,1,6.7,26,Yes,Large (over 350L),No,None,0.0,4,8.3,3,OLED,5.2,No,None,0.0,8,2,0,4.6,No,None,0.0,Yes,2,No,0.0,Yes,0.7,Mostly evening (6PM-10PM),No,0.0,475.2,4673.4,15.895,8.266,247.98,High
2025/03/20 03:20:00 PM,SL0158,Kandy,6,Yes,2,6.4,26,Yes,Medium (200-350L),Yes,Instant (3kW),0.9,2,10.7,1,LED/LCD,3.3,No,None,0.0,11,2,2,7.0,No,None,0.0,Yes,1,No,0.0,Yes,0.6,Mostly evening (6PM-10PM),No,0.0,600.0,6171.0,22.333,11.613,348.39,High
2025/03/21 02:17:00 PM,SL0045,Colombo,2,No,0,0.0,0,Yes,Medium (200-350L),Yes,Instant (3kW),0.7,5,6.7,3,LED/LCD,3.4,Yes,Front-load,2.8,9,2,1,8.0,Yes,Laptop,6.7,Yes,2,No,0.0,Yes,1.0,Mostly evening (6PM-10PM),No,0.0,317.8,2784.6,10.559,5.49,164.7,Medium
2025/03/21 09:49:00 PM,SL0042,Colombo,5,No,0,0.0,0,Yes,Small (under 200L),Yes,Storage (2kW),0.8,2,11.0,2,LED/LCD,4.0,No,None,0.0,9,1,1,6.6,Yes,Laptop,4.4,Yes,2,No,0.0,Yes,2.0,Mostly night (10PM-1AM),No,0.0,217.1,1576.2,7.399,3.847,115.41,Low
2025/03/22 08:08:00 PM,SL0184,Galle,2,Yes,1,5.7,27,Yes,Small (under 200L),Yes,Storage (2kW),1.5,3,7.8,1,Old CRT,2.6,No,None,0.0,3,3,1,5.7,Yes,Laptop,6.3,Yes,2,Yes,0.5,Yes,1.1,Mostly evening (6PM-10PM),Yes,2.2,205.1,1432.2,6.707,3.487,104.61,Low
2025/03/22 08:37:00 AM,SL0099,Colombo,4,Yes,1,2.6,26,Yes,Medium (200-350L),Yes,Instant (3kW),1.2,5,7.5,1,LED/LCD,6.5,Yes,Top-load,3.3,8,0,3,4.1,Yes,Laptop,3.0,Yes,2,No,0.0,Yes,1.1,Mostly evening (6PM-10PM),No,0.0,407.4,3859.8,13.435,6.986,209.58,High
2025/03/22 08:55:00 PM,SL0118,Colombo,6,Yes,1,6.0,27,No,None,No,None,0.0,3,9.6,2,LED/LCD,3.5,Yes,Front-load,5.3,8,4,0,7.4,Yes,Desktop,4.4,Yes,2,No,0.0,Yes,0.5,Mostly evening (6PM-10PM),No,0.0,357.1,3256.2,11.943,6.21,186.3,Medium
2025/03/23 09:22:00 PM,SL0019,Colombo,5,Yes,1,5.8,27,Yes,Medium (200-350L),Yes,Instant (3kW),0.9,1,12.2,1,LED/LCD,5.8,Yes,Top-load,9.4,6,1,0,8.5,No,None,0.0,Yes,2,No,0.0,Yes,0.6,Mostly evening (6PM-10PM),No,0.0,435.0,4191.0,14.476,7.527,225.81,High
2025/03/24 03:57:00 PM,SL0096,Colombo,5,Yes,1,7.9,20,Yes,Small (under 200L),No,None,0.0,5,9.3,3,LED/LCD,6.2,Yes,Front-load,7.7,5,0,2,8.1,Yes,Desktop,4.9,Yes,1,Yes,0.4,No,0.0,Spread throughout day,No,0.0,494.9,4909.8,16.67,8.669,260.07,High
2025/03/24 05:12:00 PM,SL0026,Kandy,5,No,0,0.0,0,Yes,Medium (200-350L),Yes,Instant (3kW),1.4,2,12.9,2,OLED,4.0,Yes,Front-load,8.3,8,1,2,5.1,No,None,0.0,Yes,2,Yes,0.3,Yes,1.9,Mostly evening (6PM-10PM),No,0.0,361.2,3305.4,11.969,6.224,186.72,Medium
2025/03/24 08:10:00 PM,SL0077,Kandy,2,No,0,0.0,0,Yes,Medium (200-350L),Yes,Storage (2kW),1.1,4,9.6,1,LED/LCD,2.7,No,None,0.0,11,0,2,9.0,No,None,0.0,Yes,2,No,0.0,No,0.0,Mostly night (10PM-1AM),No,0.0,288.8,2436.6,9.676,5.032,150.96,Medium
2025/03/24 10:53:00 PM,SL0082,Kandy,3,Yes,1,6.1,20,Yes,Small (under 200L),No,None,0.0,2,13.6,2,LED/LCD,2.0,Yes,Top-load,7.4,8,0,1,7.3,No,None,0.0,Yes,2,Yes,0.7,Yes,0.6,Mostly evening (6PM-10PM),No,0.0,376.5,3489.0,12.547,6.524,195.72,Medium
2025/03/24 11:08:00 AM,SL0056,Galle,6,Yes,1,3.3,28,Yes,Medium (200-350L),No,None,0.0,1,10.4,3,LED/LCD,3.8,No,None,0.0,3,3,2,7.5,Yes,Desktop,4.9,Yes,2,No,0.0,No,0.0,Spread throughout day,Yes,3.2,18.0,45.0,0.441,0.229,6.87,Low
2025/03/24 12:10:00 PM,SL0166,Galle,5,Yes,2,6.9,24,Yes,Medium (200-350L),No,None,0.0,3,9.8,3,OLED,4.5,Yes,Front-load,9.2,6,4,2,7.5,Yes,Both,3.2,Yes,2,No,0.0,No,0.0,Spread throughout day,No,0.0,600.0,6171.0,23.491,12.215,366.45,High
2025/03/25 02:38:00 PM,SL0062,Colombo,6,Yes,1,6.5,28,Yes,Medium (200-350L),Yes,Storage (2kW),1.0,3,12.9,1,Old CRT,4.9,Yes,Front-load,6.1,10,1,0,5.5,No,None,0.0,No,0,Yes,0.3,Yes,0.6,Mostly evening (6PM-10PM),No,0.0,479.2,4721.4,16.011,8.326,249.78,High
2025/03/25 09:35:00 AM,SL0023,Colombo,4,Yes,1,2.8,26,Yes,Small (under 200L),No,None,0.0,2,7.7,3,OLED,4.4,Yes,Top-load,4.9,8,1,1,6.1,Yes,Laptop,5.9,Yes,1,No,0.0,Yes,0.8,Mostly evening (6PM-10PM),No,0.0,255.6,2038.2,8.735,4.542,136.26,Medium
2025/03/25 12:29:00 PM,SL0031,Kandy,4,Yes,1,6.0,24,Yes,Medium (200-350L),No,None,0.0,3,7.2,3,LED/LCD,6.7,Yes,Top-load,5.4,4,2,2,6.3,Yes,Laptop,2.8,No,0,No,0.0,Yes,1.9,Mostly night (10PM-1AM),No,0.0,407.8,3864.6,13.634,7.089,212.67,High
2025/03/26 06:41:00 PM,SL0095,Kandy,4,No,0,0.0,0,Yes,Small (under 200L),No,None,0.0,1,8.0,1,LED/LCD,3.4,Yes,Top-load,2.0,5,4,1,7.4,Yes,Laptop,6.3,Yes,1,No,0.0,Yes,1.7,Mostly morning (5AM-9AM),No,0.0,171.1,1042.0,5.752,2.991,89.73,Low
2025/03/27 03:55:00 PM,SL0114,Galle,5,No,0,0.0,0,Yes,Medium (200-350L),No,None,0.0,3,5.8,1,Old CRT,6.8,Yes,Front-load,3.8,7,2,3,5.6,Yes,Both,4.2,Yes,1,No,0.0,No,0.0,Spread throughout day,No,0.0,212.0,1515.0,7.164,3.725,111.75,Low
2025/03/27 06:37:00 PM,SL0152,Colombo,3,Yes,2,7.8,24,Yes,Medium (200-350L),Yes,Solar-assisted (1kW),0.7,5,13.5,3,OLED,6.5,Yes,Top-load,8.7,7,0,0,8.5,No,None,0.0,Yes,1,Yes,0.4,Yes,1.4,Mostly evening (6PM-10PM),No,0.0,600.0,6171.0,26.849,13.961,418.83,High
2025/03/28 01:27:00 PM,SL0113,Galle,5,Yes,1,7.8,21,Yes,Medium (200-350L),No,None,0.0,2,8.6,3,Old CRT,5.3,Yes,Front-load,3.9,11,0,0,8.2,No,None,0.0,Yes,1,Yes,0.3,No,0.0,Spread throughout day,No,0.0,458.3,4470.6,15.248,7.929,237.87,High
2025/03/28 05:04:00 PM,SL0061,Colombo,6,No,0,0.0,0,Yes,Small (under 200L),Yes,Storage (2kW),1.0,4,12.5,1,OLED,4.2,No,None,0.0,11,2,1,8.5,Yes,Laptop,7.3,Yes,1,No,0.0,No,0.0,Spread throughout day,Yes,2.9,18.0,45.0,0.305,0.158,4.74,Low
2025/03/28 10:02:00 AM,SL0193,Galle,2,Yes,2,7.4,28,Yes,Medium (200-350L),No,None,0.0,3,10.2,2,LED/LCD,3.5,No,None,0.0,4,2,2,7.9,Yes,Desktop,6.8,Yes,1,No,0.0,Yes,1.3,Mostly night (10PM-1AM),No,0.0,600.0,6171.0,22.966,11.942,358.26,High
2025/03/29 05:17:00 PM,SL0012,Galle,3,No,0,0.0,0,Yes,Small (under 200L),Yes,Storage (2kW),1.1,5,11.7,3,Old CRT,5.7,No,None,0.0,9,2,2,6.9,Yes,Laptop,2.8,Yes,1,Yes,0.7,No,0.0,Spread throughout day,No,0.0,377.3,3498.6,12.666,6.586,197.58,Medium
2025/03/29 08:55:00 PM,SL0124,Colombo,5,Yes,1,3.1,20,Yes,Large (over 350L),Yes,Instant (3kW),0.8,2,7.5,3,OLED,6.8,Yes,Top-load,6.0,6,4,3,7.5,Yes,Laptop,3.6,Yes,2,No,0.0,Yes,1.5,Mostly evening (6PM-10PM),No,0.0,491.0,4863.0,16.507,8.584,257.52,High
2025/03/29 09:34:00 PM,SL0167,Colombo,2,Yes,1,6.0,23,Yes,Medium (200-350L),No,None,0.0,3,6.3,3,OLED,4.0,Yes,Top-load,3.6,11,2,0,8.5,Yes,Laptop,4.5,No,0,No,0.0,No,0.0,Mostly morning (5AM-9AM),No,0.0,400.0,3771.0,13.322,6.928,207.84,High
2025/03/30 02:17:00 PM,SL0039,Kandy,5,No,0,0.0,0,Yes,Medium (200-350L),Yes,Instant (3kW),0.6,1,5.4,2,LED/LCD,5.5,Yes,Front-load,2.2,9,1,3,6.2,Yes,Desktop,5.9,Yes,2,No,0.0,Yes,1.0,Mostly evening (6PM-10PM),No,0.0,261.4,2107.8,8.668,4.507,135.21,Medium
2025/03/30 04:16:00 PM,SL0063,Galle,2,No,0,0.0,0,No,None,No,None,0.0,4,10.1,3,LED/LCD,5.1,No,None,0.0,6,2,0,5.1,Yes,Laptop,7.2,Yes,2,No,0.0,Yes,0.7,Mostly evening (6PM-10PM),No,0.0,151.6,847.0,5.145,2.675,80.25,Low
2025/03/30 08:46:00 AM,SL0070,Galle,3,Yes,1,4.7,21,Yes,Large (over 350L),No,None,0.0,3,13.0,1,LED/LCD,4.8,Yes,Top-load,9.6,9,1,1,6.0,Yes,Laptop,4.0,Yes,1,No,0.0,Yes,0.8,Spread throughout day,No,0.0,417.8,3984.6,13.82,7.187,215.61,High
2025/03/30 10:16:00 AM,SL0051,Galle,5,No,0,0.0,0,Yes,Medium (200-350L),No,None,0.0,2,14.0,1,LED/LCD,4.4,No,None,0.0,8,2,0,6.0,Yes,Laptop,3.1,No,0,No,0.0,Yes,0.7,Spread throughout day,No,0.0,191.3,1266.6,6.225,3.237,97.11,Low
2025/03/30 12:27:00 PM,SL0135,Galle,2,Yes,1,5.2,26,Yes,Medium (200-350L),No,None,0.0,4,5.0,1,LED/LCD,6.3,Yes,Top-load,3.7,9,1,2,5.7,Yes,Desktop,4.1,Yes,2,Yes,0.5,Yes,1.5,Mostly evening (6PM-10PM),No,0.0,377.3,3498.6,12.752,6.631,198.93,High
2025/03/31 04:58:00 PM,SL0143,Colombo,2,Yes,2,3.5,27,Yes,Medium (200-350L),No,None,0.0,2,8.5,2,LED/LCD,3.5,Yes,Top-load,2.6,9,1,0,4.1,Yes,Laptop,7.9,No,0,No,0.0,Yes,0.7,Mostly morning (5AM-9AM),No,0.0,375.2,3473.4,12.563,6.533,195.99,Medium
2025/04/01 03:13:00 PM,SL0130,Colombo,3,No,0,0.0,0,Yes,Small (under 200L),Yes,Solar-assisted (1kW),1.4,1,10.5,2,LED/LCD,3.8,Yes,Top-load,6.8,3,2,1,4.7,No,None,0.0,Yes,1,Yes,0.5,Yes,0.9,Mostly evening (6PM-10PM),No,0.0,203.5,1413.0,6.68,3.474,104.22,Low
2025/04/01 10:12:00 AM,SL0138,Kandy,2,Yes,1,2.8,28,Yes,Small (under 200L),Yes,Storage (2kW),0.6,2,7.3,2,Old CRT,4.4,Yes,Front-load,3.6,12,4,0,5.7,Yes,Desktop,4.6,Yes,1,No,0.0,Yes,1.3,Mostly morning (5AM-9AM),No,0.0,326.6,2890.2,10.839,5.636,169.08,Medium
2025/04/02 03:05:00 PM,SL0057,Colombo,4,No,0,0.0,0,Yes,Large (over 350L),No,None,0.0,3,6.0,2,LED/LCD,5.2,No,None,0.0,12,1,3,5.0,Yes,Desktop,2.7,Yes,2,Yes,0.8,Yes,1.9,Mostly evening (6PM-10PM),No,0.0,273.4,2251.8,9.223,4.796,143.88,Medium
2025/04/02 08:11:00 PM,SL0072,Colombo,4,Yes,2,3.5,22,Yes,Medium (200-350L),No,None,0.0,4,10.5,1,LED/LCD,2.7,Yes,Top-load,4.8,5,1,0,7.7,Yes,Laptop,5.9,Yes,2,No,0.0,Yes,0.8,Mostly evening (6PM-10PM),No,0.0,433.3,4170.6,14.553,7.568,227.04,High
2025/04/02 10:06:00 PM,SL0073,Colombo,3,Yes,2,3.6,25,Yes,Medium (200-350L),No,None,0.0,2,10.7,1,LED/LCD,5.9,No,None,0.0,4,3,0,5.8,Yes,Desktop,5.1,Yes,1,Yes,0.5,Yes,1.9,Spread throughout day,No,0.0,441.6,4270.2,14.577,7.58,227.4,High
2025/04/02 12:08:00 PM,SL0163,Kandy,3,No,0,0.0,0,Yes,Medium (200-350L),No,None,0.0,5,6.1,2,Old CRT,2.1,No,None,0.0,6,4,0,7.6,Yes,Laptop,7.5,Yes,1,No,0.0,Yes,1.2,Mostly morning (5AM-9AM),No,0.0,245.5,1917.0,8.054,4.188,125.64,Low
2025/04/03 03:07:00 PM,SL0097,Colombo,3,Yes,2,5.6,26,Yes,Medium (200-350L),Yes,Storage (2kW),1.2,4,6.8,1,LED/LCD,3.6,No,None,0.0,8,1,3,6.8,Yes,Desktop,7.1,Yes,1,Yes,0.5,Yes,1.7,Mostly evening (6PM-10PM),No,0.0,600.0,6171.0,21.748,11.309,339.27,High
2025/04/03 10:00:00 PM,SL0079,Colombo,4,Yes,1,2.7,24,Yes,Medium (200-350L),Yes,Instant (3kW),0.7,5,8.5,3,Old CRT,2.3,No,None,0.0,3,2,0,8.9,Yes,Laptop,7.7,Yes,2,No,0.0,Yes,1.5,Spread throughout day,No,0.0,402.3,3798.6,13.432,6.985,209.55,High
2025/04/04 02:14:00 PM,SL0011,Colombo,3,Yes,2,2.9,23,Yes,Medium (200-350L),No,None,0.0,5,5.4,3,Old CRT,2.1,Yes,Front-load,6.4,10,0,0,4.2,Yes,Laptop,3.3,Yes,1,No,0.0,No,0.0,Mostly evening (6PM-10PM),No,0.0,365.9,3361.8,12.233,6.361,190.83,Medium
2025/04/04 08:59:00 PM,SL0078,Colombo,2,No,0,0.0,0,Yes,Medium (200-350L),No,None,0.0,5,5.9,3,OLED,5.1,No,None,0.0,10,1,1,4.8,Yes,Laptop,2.8,Yes,2,Yes,0.8,Yes,1.5,Mostly evening (6PM-10PM),No,0.0,253.1,2008.2,8.502,4.421,132.63,Medium
2025/04/04 09:59:00 AM,SL0022,Colombo,5,No,0,0.0,0,Yes,Small (under 200L),Yes,Instant (3kW),1.0,1,11.5,1,LED/LCD,2.4,No,None,0.0,12,3,3,4.3,Yes,Laptop,7.9,Yes,2,No,0.0,No,0.0,Mostly evening (6PM-10PM),No,0.0,250.9,1981.8,8.212,4.27,128.1,Low
2025/04/05 04:16:00 PM,SL0053,Galle,6,Yes,1,6.8,22,Yes,Small (under 200L),No,None,0.0,2,9.7,2,LED/LCD,5.2,Yes,Top-load,3.5,4,1,0,4.3,Yes,Laptop,4.3,Yes,2,Yes,0.7,Yes,1.9,Mostly morning (5AM-9AM),Yes,3.5,18.0,45.0,0.323,0.168,5.04,Low
2025/04/05 06:45:00 PM,SL0137,Colombo,6,No,0,0.0,0,Yes,Medium (200-350L),No,None,0.0,3,5.5,2,LED/LCD,5.3,No,None,0.0,10,2,2,8.6,No,None,0.0,Yes,2,Yes,0.5,No,0.0,Mostly evening (6PM-10PM),Yes,3.2,18.0,45.0,0.396,0.206,6.18,Low
2025/04/05 09:00:00 PM,SL0064,Colombo,4,No,0,0.0,0,Yes,Small (under 200L),No,None,0.0,1,9.7,3,Old CRT,2.4,Yes,Front-load,4.9,12,0,3,6.1,Yes,Laptop,7.1,Yes,2,No,0.0,No,0.0,Mostly morning (5AM-9AM),No,0.0,173.7,1068.0,5.784,3.007,90.21,Low
2025/04/05 10:17:00 AM,SL0175,Kandy,3,Yes,2,4.8,25,No,None,No,None,0.0,1,10.0,1,LED/LCD,3.6,Yes,Top-load,2.6,11,3,2,5.1,Yes,Laptop,2.4,Yes,1,No,0.0,Yes,1.2,Mostly evening (6PM-10PM),Yes,3.9,19.1,47.75,0.554,0.288,8.64,Low
2025/04/05 11:37:00 AM,SL0100,Colombo,2,No,0,0.0,0,Yes,Medium (200-350L),Yes,Storage (2kW),1.3,4,6.9,3,LED/LCD,4.2,No,None,0.0,8,2,0,8.1,No,None,0.0,Yes,1,No,0.0,Yes,1.4,Mostly evening (6PM-10PM),No,0.0,290.6,2458.2,9.884,5.14,154.2,Medium
2025/04/05 11:43:00 AM,SL0041,Colombo,4,No,0,0.0,0,Yes,Small (under 200L),No,None,0.0,4,12.7,2,LED/LCD,2.4,No,None,0.0,3,3,0,6.0,Yes,Laptop,3.4,Yes,2,No,0.0,No,0.0,Mostly evening (6PM-10PM),No,0.0,211.1,1504.2,7.071,3.677,110.31,Low
2025/04/05 12:59:00 PM,SL0171,Kandy,6,Yes,1,4.4,26,Yes,Medium (200-350L),Yes,Instant (3kW),1.4,2,9.4,3,LED/LCD,4.3,No,None,0.0,4,4,0,8.7,No,None,0.0,Yes,2,Yes,0.3,Yes,0.6,Mostly morning (5AM-9AM),Yes,3.4,110.4,455.64,3.626,1.885,56.55,Low
2025/04/06 04:20:00 PM,SL0153,Colombo,4,Yes,1,2.7,26,No,None,No,None,0.0,3,11.0,3,LED/LCD,3.4,No,None,0.0,9,0,2,6.9,No,None,0.0,Yes,2,No,0.0,Yes,1.1,Mostly evening (6PM-10PM),No,0.0,219.9,1609.8,7.151,3.718,111.54,Low
2025/04/06 05:30:00 PM,SL0109,Colombo,5,No,0,0.0,0,Yes,Medium (200-350L),Yes,Instant (3kW),0.7,5,10.1,1,LED/LCD,5.5,Yes,Top-load,6.9,3,1,2,4.5,Yes,Laptop,6.3,Yes,1,Yes,0.8,Yes,1.6,Spread throughout day,No,0.0,331.9,2953.8,11.024,5.733,171.99,Medium
2025/04/06 09:05:00 AM,SL0085,Colombo,2,Yes,1,2.5,24,Yes,Medium (200-350L),No,None,0.0,4,9.6,3,LED/LCD,3.4,Yes,Top-load,8.0,12,3,1,5.4,Yes,Desktop,3.9,No,0,No,0.0,Yes,1.4,Mostly evening (6PM-10PM),No,0.0,339.7,3047.4,11.236,5.843,175.29,Medium
2025/04/07 02:02:00 PM,SL0006,Colombo,4,No,0,0.0,0,Yes,Small (under 200L),No,None,0.0,4,9.9,1,LED/LCD,2.0,No,None,0.0,7,2,3,4.1,Yes,Desktop,7.3,Yes,2,No,0.0,Yes,1.7,Mostly morning (5AM-9AM),No,0.0,210.5,1497.0,7.062,3.672,110.16,Low
2025/04/07 04:09:00 PM,SL0192,Galle,2,No,0,0.0,0,Yes,Small (under 200L),No,None,0.0,1,7.9,1,LED/LCD,2.0,Yes,Top-load,3.7,8,3,2,7.6,No,None,0.0,Yes,2,No,0.0,Yes,1.0,Spread throughout day,No,0.0,165.3,984.0,5.808,3.02,90.6,Low
2025/04/07 07:34:00 PM,SL0140,Galle,3,No,0,0.0,0,Yes,Small (under 200L),No,None,0.0,4,10.4,3,Old CRT,3.1,Yes,Top-load,5.4,7,3,3,4.1,Yes,Laptop,5.0,Yes,2,Yes,0.3,Yes,0.7,Mostly evening (6PM-10PM),No,0.0,245.6,1918.2,8.255,4.293,128.79,Low
2025/04/08 01:31:00 PM,SL0080,Colombo,6,Yes,2,7.3,27,Yes,Medium (200-350L),No,None,0.0,1,9.4,3,Old CRT,5.7,Yes,Top-load,3.6,3,1,2,8.9,Yes,Laptop,4.0,Yes,2,No,0.0,Yes,1.4,Spread throughout day,No,0.0,600.0,6171.0,22.533,11.717,351.51,High
2025/04/08 09:43:00 AM,SL0147,Kandy,6,Yes,2,4.8,27,Yes,Medium (200-350L),Yes,Instant (3kW),1.3,2,8.8,2,LED/LCD,3.6,No,None,0.0,3,0,0,4.9,Yes,Laptop,5.6,Yes,2,Yes,0.3,Yes,1.7,Mostly evening (6PM-10PM),No,0.0,580.0,5931.0,19.244,10.007,300.21,High
2025/04/08 11:09:00 AM,SL0076,Kandy,2,Yes,1,3.9,26,Yes,Medium (200-350L),Yes,Instant (3kW),0.9,1,7.1,2,Old CRT,3.4,Yes,Front-load,2.8,6,0,1,4.4,Yes,Laptop,6.8,Yes,1,No,0.0,Yes,1.5,Mostly evening (6PM-10PM),No,0.0,365.0,3351.0,11.975,6.227,186.81,Medium
2025/04/08 12:51:00 PM,SL0020,Colombo,2,Yes,2,3.4,25,Yes,Small (under 200L),No,None,0.0,2,5.2,2,LED/LCD,6.2,Yes,Top-load,6.7,6,0,1,5.9,Yes,Laptop,4.5,Yes,2,No,0.0,Yes,1.4,Spread throughout day,No,0.0,356.1,3244.2,11.998,6.239,187.17,Medium
2025/04/09 05:06:00 PM,SL0161,Colombo,6,No,0,0.0,0,No,None,Yes,Instant (3kW),1.2,1,12.9,2,LED/LCD,3.9,Yes,Top-load,9.1,7,0,3,6.0,Yes,Both,8.0,Yes,2,Yes,0.4,Yes,1.4,Mostly evening (6PM-10PM),No,0.0,243.3,1890.6,8.111,4.218,126.54,Low
2025/04/09 10:55:00 PM,SL0025,Colombo,2,Yes,1,2.8,21,Yes,Medium (200-350L),Yes,Storage (2kW),1.4,5,7.5,1,LED/LCD,4.0,Yes,Front-load,7.3,4,3,3,8.0,Yes,Laptop,3.8,Yes,2,No,0.0,Yes,1.2,Mostly evening (6PM-10PM),Yes,2.9,104.5,409.32,3.727,1.938,58.14,Low
2025/04/10 02:53:00 PM,SL0182,Colombo,5,Yes,2,5.3,27,Yes,Medium (200-350L),No,None,0.0,1,11.1,3,LED/LCD,5.9,Yes,Top-load,3.8,9,4,3,7.3,Yes,Laptop,4.2,Yes,2,No,0.0,Yes,1.4,Mostly morning (5AM-9AM),No,0.0,586.8,6012.6,19.576,10.18,305.4,High
2025/04/10 09:01:00 AM,SL0001,Colombo,5,Yes,1,4.4,24,Yes,Medium (200-350L),No,None,0.0,5,10.0,1,LED/LCD,3.8,Yes,Top-load,5.7,12,2,3,6.1,No,None,0.0,Yes,2,No,0.0,Yes,1.8,Mostly morning (5AM-9AM),No,0.0,406.5,3849.0,13.513,7.027,210.81,High
2025/04/10 09:23:00 PM,SL0032,Colombo,4,No,0,0.0,0,Yes,Medium (200-350L),Yes,Storage (2kW),1.0,5,5.1,1,Old CRT,2.4,No,None,0.0,9,1,3,5.7,No,None,0.0,Yes,1,No,0.0,Yes,0.7,Spread throughout day,No,0.0,253.1,2008.2,8.476,4.408,132.24,Medium
2025/04/10 10:34:00 AM,SL0037,Colombo,2,No,0,0.0,0,Yes,Large (over 350L),No,None,0.0,3,7.7,3,LED/LCD,4.5,No,None,0.0,10,0,0,4.3,No,None,0.0,Yes,2,No,0.0,Yes,1.4,Mostly evening (6PM-10PM),No,0.0,226.8,1692.6,7.659,3.982,119.46,Low
2025/04/10 12:10:00 PM,SL0185,Colombo,5,No,0,0.0,0,Yes,Small (under 200L),No,None,0.0,1,12.1,3,LED/LCD,3.3,Yes,Top-load,2.5,12,2,2,4.7,Yes,Laptop,2.7,Yes,1,No,0.0,No,0.0,Mostly morning (5AM-9AM),No,0.0,161.6,947.0,5.2,2.704,81.12,Low
2025/04/11 01:07:00 PM,SL0068,Galle,3,No,0,0.0,0,Yes,Medium (200-350L),Yes,Storage (2kW),1.4,3,12.0,2,OLED,6.1,Yes,Front-load,4.5,8,4,1,7.4,Yes,Laptop,7.7,Yes,2,Yes,0.2,Yes,0.7,Mostly evening (6PM-10PM),No,0.0,376.6,3490.2,12.725,6.617,198.51,Medium
2025/04/11 03:25:00 PM,SL0049,Colombo,6,Yes,1,7.2,28,Yes,Large (over 350L),No,None,0.0,5,5.3,1,LED/LCD,6.5,Yes,Top-load,4.1,4,0,2,5.3,Yes,Desktop,7.4,Yes,1,No,0.0,Yes,0.9,Mostly evening (6PM-10PM),No,0.0,471.4,4627.8,15.632,8.129,243.87,High
2025/04/11 06:06:00 PM,SL0116,Galle,6,Yes,2,3.5,23,Yes,Medium (200-350L),No,None,0.0,5,6.0,1,OLED,6.8,Yes,Top-load,6.9,6,4,2,7.0,Yes,Laptop,6.4,Yes,2,No,0.0,No,0.0,Spread throughout day,No,0.0,474.6,4666.2,15.873,8.254,247.62,High
2025/04/11 09:38:00 AM,SL0036,Galle,5,Yes,1,3.7,28,Yes,Medium (200-350L),No,None,0.0,2,7.7,2,OLED,2.4,Yes,Top-load,8.6,10,3,3,7.8,Yes,Desktop,5.0,Yes,2,Yes,0.2,Yes,1.5,Mostly evening (6PM-10PM),No,0.0,380.4,3535.8,12.719,6.614,198.42,Medium
2025/04/12 03:35:00 PM,SL0089,Galle,2,No,0,0.0,0,Yes,Medium (200-350L),No,None,0.0,3,8.3,2,LED/LCD,2.0,Yes,Front-load,7.4,10,3,3,6.1,No,None,0.0,Yes,1,Yes,0.5,Yes,1.5,Mostly evening (6PM-10PM),No,0.0,245.6,1918.2,8.182,4.255,127.65,Low
2025/04/12 07:20:00 PM,SL0155,Galle,2,Yes,2,7.6,26,Yes,Small (under 200L),Yes,Instant (3kW),1.4,2,8.3,1,LED/LCD,2.3,Yes,Top-load,5.9,10,1,2,6.5,No,None,0.0,Yes,1,No,0.0,Yes,2.0,Spread throughout day,No,0.0,600.0,6171.0,24.737,12.863,385.89,High
2025/04/12 09:22:00 AM,SL0198,Galle,5,No,0,0.0,0,Yes,Medium (200-350L),Yes,Instant (3kW),1.4,1,8.4,2,LED/LCD,6.5,Yes,Front-load,6.4,10,2,1,5.3,Yes,Laptop,7.2,Yes,2,Yes,0.6,Yes,1.1,Spread throughout day,No,0.0,348.8,3156.6,11.62,6.042,181.26,Medium
2025/04/12 09:56:00 AM,SL0172,Colombo,5,No,0,0.0,0,Yes,Medium (200-350L),Yes,Storage (2kW),1.3,2,10.2,1,LED/LCD,6.8,Yes,Top-load,9.7,11,0,1,5.5,Yes,Laptop,6.5,Yes,1,No,0.0,Yes,1.0,Spread throughout day,No,0.0,274.6,2266.2,9.193,4.78,143.4,Medium
2025/04/12 11:49:00 AM,SL0028,Colombo,4,Yes,2,4.1,27,Yes,Large (over 350L),No,None,0.0,2,11.3,2,LED/LCD,3.7,No,None,0.0,10,0,1,8.1,Yes,Both,6.1,Yes,1,No,0.0,Yes,0.7,Mostly evening (6PM-10PM),No,0.0,490.2,4853.4,16.364,8.509,255.27,High
2025/04/13 06:54:00 PM,SL0178,Colombo,3,Yes,1,5.0,24,Yes,Large (over 350L),No,None,0.0,1,10.9,3,LED/LCD,4.6,Yes,Front-load,5.5,3,0,0,7.0,Yes,Laptop,4.6,Yes,2,No,0.0,Yes,1.7,Mostly evening (6PM-10PM),No,0.0,372.5,3441.0,12.278,6.384,191.52,Medium
2025/04/13 07:07:00 PM,SL0065,Colombo,3,No,0,0.0,0,Yes,Large (over 350L),Yes,Storage (2kW),1.3,3,8.9,2,LED/LCD,5.4,Yes,Top-load,4.8,7,2,2,5.2,Yes,Both,6.6,Yes,2,Yes,0.4,Yes,1.1,Mostly night (10PM-1AM),No,0.0,371.4,3427.8,12.412,6.454,193.62,Medium
2025/04/13 10:34:00 PM,SL0066,Colombo,2,Yes,1,7.4,25,Yes,Medium (200-350L),Yes,Storage (2kW),0.6,2,7.9,1,Old CRT,3.2,No,None,0.0,4,3,1,7.4,No,None,0.0,Yes,2,No,0.0,Yes,1.7,Mostly morning (5AM-9AM),No,0.0,453.2,4409.4,15.149,7.878,236.34,High
2025/04/14 02:21:00 PM,SL0015,Colombo,6,No,0,0.0,0,Yes,Small (under 200L),No,None,0.0,2,12.7,3,LED/LCD,2.7,Yes,Top-load,7.9,10,4,0,6.7,No,None,0.0,Yes,1,Yes,0.3,Yes,0.9,Mostly evening (6PM-10PM),No,0.0,210.3,1494.6,7.14,3.713,111.39,Low
2025/04/14 07:50:00 PM,SL0136,Colombo,5,No,0,0.0,0,Yes,Medium (200-350L),No,None,0.0,1,10.7,2,LED/LCD,3.1,Yes,Top-load,5.1,10,4,1,6.4,Yes,Laptop,4.1,Yes,2,Yes,0.7,Yes,1.9,Mostly evening (6PM-10PM),No,0.0,242.6,1882.2,7.982,4.151,124.53,Low
2025/04/14 10:43:00 PM,SL0035,Galle,2,No,0,0.0,0,Yes,Medium (200-350L),No,None,0.0,3,10.4,2,Old CRT,3.5,No,None,0.0,12,2,1,5.1,No,None,0.0,No,0,No,0.0,No,0.0,Mostly evening (6PM-10PM),No,0.0,208.5,1473.0,6.893,3.585,107.55,Low
2025/04/15 01:13:00 PM,SL0177,Kandy,4,No,0,0.0,0,Yes,Small (under 200L),Yes,Storage (2kW),0.6,4,11.6,1,LED/LCD,5.9,Yes,Top-load,8.4,10,1,0,7.2,Yes,Laptop,7.6,Yes,1,No,0.0,Yes,1.1,Mostly evening (6PM-10PM),No,0.0,261.6,2110.2,8.563,4.453,133.59,Medium
2025/04/15 01:13:00 PM,SL0048,Colombo,6,Yes,1,2.5,26,No,None,Yes,Solar-assisted (1kW),1.4,3,12.2,2,LED/LCD,4.0,Yes,Front-load,7.2,10,4,2,4.7,Yes,Both,6.5,Yes,1,No,0.0,Yes,1.9,Mostly morning (5AM-9AM),No,0.0,293.7,2495.4,9.853,5.124,153.72,Medium
2025/04/15 02:35:00 PM,SL0187,Galle,5,Yes,1,5.8,21,Yes,Medium (200-350L),No,None,0.0,5,12.2,1,LED/LCD,3.5,Yes,Front-load,5.7,7,1,2,8.2,No,None,0.0,Yes,2,Yes,0.8,Yes,0.5,Mostly morning (5AM-9AM),No,0.0,469.0,4599.0,15.821,8.227,246.81,High
2025/04/15 06:03:00 PM,SL0102,Kandy,6,Yes,1,3.0,22,Yes,Medium (200-350L),No,None,0.0,1,5.0,3,LED/LCD,3.9,Yes,Top-load,3.3,9,3,1,8.4,Yes,Laptop,3.1,No,0,No,0.0,Yes,1.2,Spread throughout day,No,0.0,294.3,2502.6,9.843,5.118,153.54,Medium
2025/04/15 06:44:00 PM,SL0010,Kandy,6,No,0,0.0,0,Yes,Small (under 200L),Yes,Instant (3kW),1.3,1,8.8,3,LED/LCD,3.5,Yes,Front-load,9.5,10,2,0,5.5,Yes,Laptop,3.5,Yes,2,No,0.0,No,0.0,Spread throughout day,No,0.0,275.2,2273.4,9.364,4.869,146.07,Medium
2025/04/15 09:02:00 AM,SL0027,Colombo,4,No,0,0.0,0,Yes,Medium (200-350L),No,None,0.0,1,6.0,1,LED/LCD,2.3,No,None,0.0,10,0,2,5.1,Yes,Laptop,6.6,Yes,2,No,0.0,Yes,0.8,Mostly night (10PM-1AM),No,0.0,157.9,910.0,5.1,2.652,79.56,Low
2025/04/15 12:39:00 PM,SL0168,Colombo,6,Yes,2,5.1,21,Yes,Medium (200-350L),No,None,0.0,1,5.1,3,LED/LCD,4.7,Yes,Front-load,2.5,8,4,1,8.0,No,None,0.0,Yes,2,No,0.0,Yes,0.8,Mostly morning (5AM-9AM),No,0.0,529.5,5325.0,17.73,9.22,276.6,High
2025/04/16 03:52:00 PM,SL0086,Colombo,6,Yes,2,5.2,20,Yes,Medium (200-350L),No,None,0.0,2,10.7,2,LED/LCD,5.5,No,None,0.0,8,4,0,6.3,No,None,0.0,Yes,1,No,0.0,No,0.0,Mostly morning (5AM-9AM),No,0.0,521.9,5233.8,17.541,9.121,273.63,High
2025/04/16 08:43:00 AM,SL0115,Kandy,5,Yes,2,6.9,22,Yes,Medium (200-350L),No,None,0.0,3,10.6,1,LED/LCD,5.8,No,None,0.0,12,4,3,7.4,No,None,0.0,Yes,1,No,0.0,Yes,1.6,Mostly evening (6PM-10PM),No,0.0,600.0,6171.0,22.693,11.8,354.0,High
2025/04/16 10:56:00 PM,SL0108,Kandy,4,Yes,1,5.1,22,Yes,Large (over 350L),No,None,0.0,5,12.2,2,LED/LCD,5.2,Yes,Top-load,6.2,5,2,2,8.3,Yes,Desktop,7.0,Yes,1,No,0.0,No,0.0,Mostly evening (6PM-10PM),No,0.0,511.3,5106.6,17.253,8.972,269.16,High
2025/04/16 11:10:00 AM,SL0038,Colombo,6,Yes,2,2.5,22,Yes,Large (over 350L),Yes,Instant (3kW),1.2,3,11.7,3,LED/LCD,6.0,Yes,Top-load,5.6,5,1,1,6.5,Yes,Both,4.6,Yes,2,No,0.0,Yes,1.6,Mostly evening (6PM-10PM),No,0.0,554.0,5619.0,18.509,9.625,288.75,High
2025/04/17 03:35:00 PM,SL0186,Kandy,4,Yes,2,7.6,20,No,None,No,None,0.0,5,9.0,2,LED/LCD,2.1,Yes,Top-load,5.0,7,1,2,4.5,No,None,0.0,Yes,2,No,0.0,Yes,0.6,Mostly evening (6PM-10PM),No,0.0,594.0,6099.0,19.962,10.38,311.4,High
2025/04/17 05:27:00 PM,SL0054,Galle,6,Yes,2,6.5,27,Yes,Large (over 350L),No,None,0.0,1,5.6,1,LED/LCD,6.9,No,None,0.0,5,0,1,4.2,Yes,Laptop,4.0,Yes,2,Yes,0.4,Yes,0.8,Mostly evening (6PM-10PM),Yes,2.4,318.5,2793.0,10.569,5.496,164.88,Medium
2025/04/17 12:15:00 PM,SL0002,Galle,4,Yes,1,4.6,20,Yes,Medium (200-350L),No,None,0.0,1,6.0,1,LED/LCD,6.0,Yes,Top-load,7.9,6,2,2,4.3,No,None,0.0,Yes,2,No,0.0,No,0.0,Mostly morning (5AM-9AM),No,0.0,305.2,2633.4,10.139,5.272,158.16,Medium
2025/04/18 01:06:00 PM,SL0017,Colombo,5,Yes,2,5.0,24,Yes,Small (under 200L),Yes,Instant (3kW),0.7,1,13.2,1,LED/LCD,5.8,Yes,Top-load,2.5,9,3,3,7.5,Yes,Laptop,6.5,Yes,1,No,0.0,Yes,1.0,Spread throughout day,No,0.0,561.4,5707.8,18.625,9.685,290.55,High
2025/04/18 07:44:00 PM,SL0093,Kandy,2,No,0,0.0,0,Yes,Medium (200-350L),Yes,Storage (2kW),0.7,1,7.5,3,OLED,2.5,Yes,Top-load,2.9,10,3,3,5.0,No,None,0.0,Yes,2,No,0.0,Yes,1.5,Spread throughout day,Yes,3.3,18.0,45.0,0.327,0.17,5.1,Low
2025/04/18 08:10:00 PM,SL0014,Colombo,4,No,0,0.0,0,No,None,No,None,0.0,4,7.5,2,Old CRT,5.7,No,None,0.0,10,1,1,8.9,Yes,Laptop,5.0,Yes,1,No,0.0,Yes,1.8,Mostly evening (6PM-10PM),Yes,2.4,18.3,45.75,0.427,0.222,6.66,Low
2025/04/18 08:55:00 AM,SL0058,Colombo,5,No,0,0.0,0,Yes,Small (under 200L),No,None,0.0,4,5.8,2,LED/LCD,2.6,Yes,Front-load,2.9,9,2,3,7.2,Yes,Laptop,3.5,Yes,2,No,0.0,Yes,1.5,Mostly evening (6PM-10PM),No,0.0,198.5,1353.0,6.832,3.552,106.56,Low
2025/04/18 12:49:00 PM,SL0067,Colombo,3,Yes,2,5.1,21,Yes,Medium (200-350L),Yes,Storage (2kW),1.1,3,8.9,1,Old CRT,5.6,No,None,0.0,11,0,1,8.1,No,None,0.0,Yes,2,No,0.0,Yes,0.7,Mostly evening (6PM-10PM),Yes,2.4,297.3,2538.6,10.234,5.322,159.66,Medium
2025/04/19 04:56:00 PM,SL0199,Galle,4,No,0,0.0,0,Yes,Medium (200-350L),No,None,0.0,3,6.5,2,OLED,5.9,Yes,Top-load,2.5,11,2,3,4.1,Yes,Laptop,7.2,Yes,2,No,0.0,Yes,1.6,Mostly evening (6PM-10PM),No,0.0,227.4,1699.8,7.542,3.922,117.66,Low
2025/04/19 08:14:00 AM,SL0043,Colombo,4,Yes,2,5.0,20,Yes,Medium (200-350L),Yes,Storage (2kW),0.5,4,10.3,3,Old CRT,3.5,No,None,0.0,12,3,2,4.8,Yes,Laptop,3.6,Yes,2,No,0.0,Yes,0.9,Mostly evening (6PM-10PM),No,0.0,600.0,6171.0,19.931,10.364,310.92,High
2025/04/19 10:08:00 AM,SL0088,Kandy,3,Yes,1,6.5,20,Yes,Medium (200-350L),No,None,0.0,5,7.3,1,LED/LCD,6.2,Yes,Top-load,3.3,9,0,3,6.1,Yes,Laptop,6.2,Yes,2,No,0.0,Yes,0.7,Mostly night (10PM-1AM),No,0.0,423.0,4047.0,14.121,7.343,220.29,High
2025/04/21 02:12:00 PM,SL0111,Colombo,2,No,0,0.0,0,Yes,Medium (200-350L),No,None,0.0,4,7.6,3,LED/LCD,2.8,Yes,Top-load,2.5,6,0,2,8.9,Yes,Laptop,7.0,Yes,1,No,0.0,Yes,0.6,Mostly morning (5AM-9AM),Yes,1.9,18.0,45.0,0.391,0.203,6.09,Low
2025/04/21 06:33:00 PM,SL0169,Colombo,3,Yes,1,4.2,22,Yes,Medium (200-350L),No,None,0.0,4,8.8,1,LED/LCD,5.0,No,None,0.0,3,4,1,7.4,No,None,0.0,Yes,2,No,0.0,No,0.0,Mostly evening (6PM-10PM),No,0.0,361.1,3304.2,12.109,6.297,188.91,Medium
2025/04/21 09:00:00 PM,SL0013,Galle,3,Yes,1,5.0,22,Yes,Large (over 350L),Yes,Instant (3kW),1.0,2,13.3,3,OLED,6.2,Yes,Top-load,6.9,10,3,2,6.0,Yes,Laptop,7.2,Yes,2,No,0.0,Yes,1.6,Mostly evening (6PM-10PM),No,0.0,566.3,5766.6,18.9,9.828,294.84,High
2025/04/21 12:15:00 PM,SL0083,Colombo,4,No,0,0.0,0,Yes,Medium (200-350L),Yes,Instant (3kW),0.8,4,10.4,2,Old CRT,4.6,No,None,0.0,5,3,1,6.9,Yes,Laptop,6.9,Yes,1,Yes,0.2,Yes,1.2,Mostly evening (6PM-10PM),No,0.0,342.1,3076.2,11.472,5.965,178.95,Medium
2025/04/22 08:51:00 AM,SL0044,Galle,2,No,0,0.0,0,No,None,No,None,0.0,4,13.0,1,LED/LCD,3.2,No,None,0.0,11,3,2,6.9,No,None,0.0,Yes,2,No,0.0,Yes,0.9,Mostly evening (6PM-10PM),No,0.0,186.3,1206.6,6.331,3.292,98.76,Low
2025/04/23 06:32:00 PM,SL0075,Kandy,3,No,0,0.0,0,Yes,Medium (200-350L),No,None,0.0,4,11.3,1,LED/LCD,4.5,Yes,Top-load,9.0,9,3,3,5.4,Yes,Laptop,3.9,Yes,2,No,0.0,Yes,1.0,Mostly evening (6PM-10PM),No,0.0,274.2,2261.4,9.153,4.76,142.8,Medium
2025/04/23 08:05:00 AM,SL0127,Galle,2,No,0,0.0,0,Yes,Medium (200-350L),No,None,0.0,5,8.7,3,LED/LCD,4.3,Yes,Front-load,7.1,6,1,1,7.7,Yes,Laptop,3.8,Yes,2,Yes,0.2,Yes,0.7,Mostly morning (5AM-9AM),Yes,2.1,21.4,53.5,0.845,0.439,13.17,Low
2025/04/24 04:06:00 PM,SL0125,Colombo,3,No,0,0.0,0,Yes,Small (under 200L),Yes,Instant (3kW),1.1,5,8.6,2,LED/LCD,4.5,Yes,Top-load,5.3,3,0,1,5.2,No,None,0.0,Yes,2,Yes,0.5,Yes,1.1,Mostly morning (5AM-9AM),No,0.0,306.7,2651.4,10.132,5.268,158.04,Medium
2025/04/24 04:10:00 PM,SL0144,Colombo,6,Yes,2,6.1,21,Yes,Medium (200-350L),No,None,0.0,3,9.1,3,LED/LCD,2.7,Yes,Top-load,5.8,4,4,1,7.2,Yes,Laptop,3.5,Yes,1,No,0.0,Yes,0.9,Mostly evening (6PM-10PM),No,0.0,600.0,6171.0,20.234,10.522,315.66,High
2025/04/24 08:05:00 AM,SL0181,Colombo,6,No,0,0.0,0,Yes,Small (under 200L),No,None,0.0,2,8.9,3,LED/LCD,2.1,Yes,Front-load,4.6,5,1,3,5.6,No,None,0.0,Yes,2,Yes,0.7,No,0.0,Spread throughout day,No,0.0,183.0,1167.0,6.03,3.136,94.08,Low
2025/04/24 10:04:00 AM,SL0146,Colombo,2,No,0,0.0,0,Yes,Medium (200-350L),No,None,0.0,4,6.1,2,LED/LCD,5.7,Yes,Top-load,7.0,4,3,2,6.7,No,None,0.0,Yes,1,No,0.0,Yes,0.9,Spread throughout day,Yes,2.0,18.0,45.0,0.324,0.168,5.04,Low
2025/04/25 02:39:00 PM,SL0200,Kandy,2,Yes,1,5.4,26,Yes,Small (under 200L),No,None,0.0,3,8.9,1,OLED,5.9,Yes,Front-load,8.1,3,3,0,6.7,Yes,Desktop,2.1,Yes,2,No,0.0,Yes,0.7,Mostly evening (6PM-10PM),No,0.0,362.6,3322.2,12.047,6.264,187.92,Medium
2025/04/25 02:57:00 PM,SL0131,Colombo,3,Yes,2,3.7,28,Yes,Medium (200-350L),Yes,Instant (3kW),0.7,4,7.8,3,Old CRT,2.3,Yes,Front-load,2.9,10,2,3,7.0,Yes,Laptop,2.1,Yes,2,No,0.0,Yes,1.7,Mostly night (10PM-1AM),No,0.0,543.1,5488.2,18.126,9.426,282.78,High
2025/04/25 05:27:00 PM,SL0091,Colombo,6,No,0,0.0,0,Yes,Medium (200-350L),No,None,0.0,2,5.4,1,LED/LCD,5.7,Yes,Front-load,7.6,8,1,2,6.8,Yes,Desktop,3.5,Yes,2,Yes,0.4,Yes,2.0,Mostly morning (5AM-9AM),No,0.0,215.8,1560.6,7.245,3.767,113.01,Low
2025/04/25 06:19:00 PM,SL0074,Galle,3,No,0,0.0,0,No,None,No,None,0.0,4,10.3,2,LED/LCD,3.4,Yes,Top-load,9.5,9,3,2,7.4,No,None,0.0,Yes,2,No,0.0,Yes,1.7,Mostly morning (5AM-9AM),No,0.0,191.9,1273.8,6.493,3.376,101.28,Low
2025/04/25 10:04:00 PM,SL0123,Colombo,3,Yes,1,6.6,21,No,None,No,None,0.0,2,6.2,2,LED/LCD,3.8,No,None,0.0,6,4,1,5.1,Yes,Laptop,5.8,Yes,1,Yes,0.3,Yes,0.9,Mostly evening (6PM-10PM),No,0.0,311.7,2711.4,10.473,5.446,163.38,Medium
2025/04/25 11:25:00 AM,SL0148,Colombo,6,Yes,1,4.5,23,Yes,Medium (200-350L),No,None,0.0,5,11.8,3,Old CRT,5.2,No,None,0.0,9,3,0,5.5,No,None,0.0,No,0,Yes,0.4,Yes,1.1,Mostly morning (5AM-9AM),No,0.0,441.7,4271.4,14.742,7.666,229.98,High
2025/04/26 07:16:00 PM,SL0071,Kandy,3,No,0,0.0,0,Yes,Large (over 350L),No,None,0.0,3,9.0,1,LED/LCD,4.6,Yes,Front-load,4.6,11,1,0,4.8,Yes,Laptop,5.0,Yes,2,No,0.0,Yes,0.6,Spread throughout day,No,0.0,234.4,1783.8,8.059,4.191,125.73,Low
2025/04/26 09:47:00 AM,SL0174,Colombo,5,No,0,0.0,0,Yes,Large (over 350L),Yes,Instant (3kW),0.9,4,6.1,1,LED/LCD,5.4,No,None,0.0,11,2,1,5.4,Yes,Laptop,2.7,Yes,1,Yes,0.6,No,0.0,Mostly evening (6PM-10PM),No,0.0,333.8,2976.6,11.3,5.876,176.28,Medium
2025/04/26 10:41:00 PM,SL0050,Colombo,4,No,0,0.0,0,Yes,Small (under 200L),Yes,Instant (3kW),1.0,1,10.2,2,OLED,3.6,No,None,0.0,11,1,2,5.8,Yes,Both,7.1,Yes,1,No,0.0,Yes,1.8,Mostly evening (6PM-10PM),No,0.0,241.5,1869.0,8.526,4.434,133.02,Medium
2025/04/27 04:05:00 PM,SL0005,Colombo,5,No,0,0.0,0,Yes,Small (under 200L),No,None,0.0,5,12.8,3,LED/LCD,6.8,No,None,0.0,5,4,3,6.0,Yes,Desktop,3.7,No,0,Yes,0.7,Yes,0.7,Mostly evening (6PM-10PM),No,0.0,314.5,2745.0,10.683,5.555,166.65,Medium
2025/04/27 05:25:00 PM,SL0055,Kandy,2,Yes,1,3.1,24,Yes,Medium (200-350L),No,None,0.0,2,12.5,3,LED/LCD,5.0,Yes,Front-load,9.1,10,1,3,6.0,Yes,Laptop,2.4,Yes,2,Yes,0.6,No,0.0,Mostly night (10PM-1AM),No,0.0,358.3,3270.6,11.772,6.121,183.63,Medium
2025/04/27 10:34:00 AM,SL0190,Colombo,4,No,0,0.0,0,Yes,Medium (200-350L),Yes,Storage (2kW),1.5,4,13.2,2,OLED,3.7,No,None,0.0,10,0,1,4.5,No,None,0.0,Yes,2,Yes,0.4,Yes,0.8,Mostly morning (5AM-9AM),No,0.0,337.5,3021.0,11.23,5.839,175.17,Medium
2025/04/29 01:56:00 PM,SL0164,Colombo,3,Yes,1,3.0,21,Yes,Large (over 350L),Yes,Instant (3kW),0.6,4,13.1,3,LED/LCD,2.6,Yes,Front-load,5.1,3,0,3,5.5,Yes,Both,4.1,No,0,No,0.0,Yes,1.8,Mostly evening (6PM-10PM),No,0.0,432.8,4164.6,14.505,7.543,226.29,High
2025/04/29 06:44:00 PM,SL0040,Colombo,6,Yes,2,4.8,28,Yes,Medium (200-350L),Yes,Instant (3kW),0.7,5,13.1,3,LED/LCD,2.3,Yes,Top-load,4.4,3,0,3,5.7,Yes,Laptop,6.5,Yes,1,Yes,0.5,Yes,1.2,Mostly night (10PM-1AM),No,0.0,600.0,6171.0,21.152,10.999,329.97,High
2025/04/29 08:50:00 PM,SL0134,Colombo,6,Yes,2,4.9,27,Yes,Medium (200-350L),No,None,0.0,4,12.4,1,LED/LCD,6.1,Yes,Top-load,7.5,4,3,0,7.7,Yes,Laptop,4.2,Yes,2,No,0.0,Yes,0.9,Mostly morning (5AM-9AM),No,0.0,562.1,5716.2,18.792,9.772,293.16,High
2025/04/29 08:54:00 PM,SL0128,Galle,4,No,0,0.0,0,Yes,Medium (200-350L),No,None,0.0,4,13.2,2,LED/LCD,3.0,Yes,Top-load,6.3,3,0,0,5.1,Yes,Laptop,6.7,Yes,1,Yes,0.6,Yes,0.5,Mostly morning (5AM-9AM),No,0.0,248.6,1954.2,8.341,4.337,130.11,Medium
2025/04/29 08:55:00 PM,SL0195,Colombo,4,Yes,2,2.9,28,Yes,Medium (200-350L),Yes,Storage (2kW),1.0,5,10.4,3,OLED,6.9,Yes,Front-load,2.0,7,3,3,4.0,Yes,Laptop,4.7,Yes,2,Yes,0.3,Yes,1.9,Mostly night (10PM-1AM),No,0.0,550.5,5577.0,18.283,9.507,285.21,High
2025/04/29 08:59:00 PM,SL0159,Colombo,2,Yes,2,5.4,24,Yes,Medium (200-350L),No,None,0.0,2,13.2,3,Old CRT,6.2,No,None,0.0,6,4,1,5.7,Yes,Laptop,3.9,No,0,No,0.0,No,0.0,Spread throughout day,No,0.0,582.3,5958.6,19.675,10.231,306.93,High
2025/04/29 12:13:00 PM,SL0154,Colombo,6,No,0,0.0,0,Yes,Small (under 200L),No,None,0.0,4,11.1,3,LED/LCD,3.8,No,None,0.0,3,1,0,6.8,Yes,Laptop,4.5,No,0,Yes,0.6,Yes,0.7,Spread throughout day,No,0.0,210.4,1495.8,6.878,3.576,107.28,Low
2025/04/30 05:56:00 PM,SL0047,Colombo,5,Yes,2,5.8,25,Yes,Medium (200-350L),No,None,0.0,4,7.2,2,LED/LCD,6.6,Yes,Top-load,5.3,7,3,3,4.8,No,None,0.0,Yes,1,No,0.0,Yes,0.9,Mostly evening (6PM-10PM),Yes,3.4,193.7,1295.4,6.477,3.368,101.04,Low
2025/04/30 10:44:00 PM,SL0189,Colombo,3,Yes,1,2.8,20,Yes,Medium (200-350L),Yes,Storage (2kW),0.6,4,12.7,3,LED/LCD,4.6,Yes,Front-load,7.3,9,0,0,7.2,Yes,Desktop,2.3,No,0,No,0.0,Yes,0.9,Spread throughout day,No,0.0,369.5,3405.0,12.401,6.449,193.47,Medium
